Psi1_A10_High_Female.FCHTWCMDSX7_L3_R1_IAGTCAGACGA-ACCAGCGACA.fastq.gz	@A00938:580:HTWCMDSX7:3:1101:1181:1000 1:N:0:AGTCAGACGA+TGTCGCTGGT
Psi1_A10_High_Female.FCHTWCMDSX7_L3_R2_IAGTCAGACGA-ACCAGCGACA.fastq.gz	@A00938:580:HTWCMDSX7:3:1101:1181:1000 2:N:0:AGTCAGACGA+TGTCGCTGGT
Psi1_A11_Low_Male.FCHTWCMDSX7_L3_R1_ICCGTATGTTC-CATACACTGT.fastq.gz	@A00938:580:HTWCMDSX7:3:1101:3314:1000 1:N:0:CCGTATGTTC+ACAGTGTATG
Psi1_A11_Low_Male.FCHTWCMDSX7_L3_R2_ICCGTATGTTC-CATACACTGT.fastq.gz	@A00938:580:HTWCMDSX7:3:1101:3314:1000 2:N:0:CCGTATGTTC+ACAGTGTATG
Psi1_A12_Low_Male.FCHTWCMDSX7_L3_R1_IGAGTCATAGG-GTGTGGCGCT.fastq.gz	@A00938:580:HTWCMDSX7:3:1101:6424:1000 1:N:0:GAGTCATAGG+AGCGCCACAC
Psi1_A12_Low_Male.FCHTWCMDSX7_L3_R2_IGAGTCATAGG-GTGTGGCGCT.fastq.gz	@A00938:580:HTWCMDSX7:3:1101:6424:1000 2:N:0:GAGTCATAGG+AGCGCCACAC
Psi1_A13_Low_Male.FCHTWCMDSX7_L3_R1_ICTTGCCATTA-ATCACGAAGG.fastq.gz	@A00938:580:HTWCMDSX7:3:1101:2483:1000 1:N:0:CTTGCCATTA+CCTTCGTGAT
Psi1_A13_Low_Male.FCHTWCMDSX7_L3_R2_ICTTGCCATTA-ATCACGAAGG.fastq.gz	@A00938:580:HTWCMDSX7:3:1101:2483:1000 2:N:0:CTTGCCATTA+CCTTCGTGAT
Psi1_A14_Low_Male.FCHTWCMDSX7_L3_R1_IGAAGCGGCAC-CGGCTCTACT.fastq.gz	@A00938:580:HTWCMDSX7:3:1101:3332:1000 1:N:0:GAAGCGGCAC+AGTAGAGCCG
Psi1_A14_Low_Male.FCHTWCMDSX7_L3_R2_IGAAGCGGCAC-CGGCTCTACT.fastq.gz	@A00938:580:HTWCMDSX7:3:1101:3332:1000 2:N:0:GAAGCGGCAC+AGTAGAGCCG
Psi1_A15_Low_Male.FCHTWCMDSX7_L3_R1_ITCCATTGCCG-GAATGCACGA.fastq.gz	@A00938:580:HTWCMDSX7:3:1101:1741:1000 1:N:0:TCCATTGCCG+TCGTGCATTC
Psi1_A15_Low_Male.FCHTWCMDSX7_L3_R2_ITCCATTGCCG-GAATGCACGA.fastq.gz	@A00938:580:HTWCMDSX7:3:1101:1741:1000 2:N:0:TCCATTGCCG+TCGTGCATTC
Psi1_A16_Low_Female.FCHTWCMDSX7_L3_R1_ICGGTTACGGC-AAGACTATAG.fastq.gz	@A00938:580:HTWCMDSX7:3:1101:1054:1000 1:N:0:CGGTTACGGC+CTATAGTCTT
Psi1_A16_Low_Female.FCHTWCMDSX7_L3_R2_ICGGTTACGGC-AAGACTATAG.fastq.gz	@A00938:580:HTWCMDSX7:3:1101:1054:1000 2:N:0:CGGTTACGGC+CTATAGTCTT
Psi1_A17_Low_Female.FCHTWCMDSX7_L3_R1_IGAGAATGGTT-TCGGCAGCAA.fastq.gz	@A00938:580:HTWCMDSX7:3:1101:1145:1000 1:N:0:GAGAATGGTT+TTGCTGCCGA
Psi1_A17_Low_Female.FCHTWCMDSX7_L3_R2_IGAGAATGGTT-TCGGCAGCAA.fastq.gz	@A00938:580:HTWCMDSX7:3:1101:1145:1000 2:N:0:GAGAATGGTT+TTGCTGCCGA
Psi1_A18_Low_Female.FCHTWCMDSX7_L3_R1_IAGAGGCAACC-CTAATGATGG.fastq.gz	@A00938:580:HTWCMDSX7:3:1101:1868:1000 1:N:0:AGAGGCAACC+CCATCATTAG
Psi1_A18_Low_Female.FCHTWCMDSX7_L3_R2_IAGAGGCAACC-CTAATGATGG.fastq.gz	@A00938:580:HTWCMDSX7:3:1101:1868:1000 2:N:0:AGAGGCAACC+CCATCATTAG
Psi1_A19_Low_Female.FCHTWCMDSX7_L3_R1_ICCATCATTAG-GGTTGCCTCT.fastq.gz	@A00938:580:HTWCMDSX7:3:1101:1289:1000 1:N:0:CCATCATTAG+AGAGGCAACC
Psi1_A19_Low_Female.FCHTWCMDSX7_L3_R2_ICCATCATTAG-GGTTGCCTCT.fastq.gz	@A00938:580:HTWCMDSX7:3:1101:1289:1000 2:N:0:CCATCATTAG+AGAGGCAACC
Psi1_A1_High_Male.FCHTWCMDSX7_L3_R1_IGAACTGAGCG-TCGTGGAGCG.fastq.gz	@A00938:580:HTWCMDSX7:3:1101:4146:1000 1:N:0:GAACTGAGCG+CGCTCCACGA
Psi1_A1_High_Male.FCHTWCMDSX7_L3_R2_IGAACTGAGCG-TCGTGGAGCG.fastq.gz	@A00938:580:HTWCMDSX7:3:1101:4146:1000 2:N:0:GAACTGAGCG+CGCTCCACGA
Psi1_A20_Low_Female.FCHTWCMDSX7_L3_R1_IGATAGGCCGA-CGCACATGGC.fastq.gz	@A00938:580:HTWCMDSX7:3:1101:2085:1000 1:N:0:GATAGGCCGA+GCCATGTGCG
Psi1_A20_Low_Female.FCHTWCMDSX7_L3_R2_IGATAGGCCGA-CGCACATGGC.fastq.gz	@A00938:580:HTWCMDSX7:3:1101:2085:1000 2:N:0:GATAGGCCGA+GCCATGTGCG
Psi1_A21_NS_Male.FCHTWCMDSX7_L3_R1_IATGGTTGACT-GGCCTGTCCT.fastq.gz	@A00938:580:HTWCMDSX7:3:1101:2935:1000 1:N:0:ATGGTTGACT+AGGACAGGCC
Psi1_A21_NS_Male.FCHTWCMDSX7_L3_R2_IATGGTTGACT-GGCCTGTCCT.fastq.gz	@A00938:580:HTWCMDSX7:3:1101:2935:1000 2:N:0:ATGGTTGACT+AGGACAGGCC
Psi1_A22_NS_Male.FCHTWCMDSX7_L3_R1_ITATTGCGCTC-CTGTGTTAGG.fastq.gz	@A00938:580:HTWCMDSX7:3:1101:2302:1000 1:N:0:TATTGCGCTC+CCTAACACAG
Psi1_A22_NS_Male.FCHTWCMDSX7_L3_R2_ITATTGCGCTC-CTGTGTTAGG.fastq.gz	@A00938:580:HTWCMDSX7:3:1101:2302:1000 2:N:0:TATTGCGCTC+CCTAACACAG
Psi1_A23_NS_Male.FCHTWCMDSX7_L3_R1_IACGCCTTGTT-TAAGGAACGT.fastq.gz	@A00938:580:HTWCMDSX7:3:1101:1542:1000 1:N:0:ACGCCTTGTT+ACGTTCCTTA
Psi1_A23_NS_Male.FCHTWCMDSX7_L3_R2_IACGCCTTGTT-TAAGGAACGT.fastq.gz	@A00938:580:HTWCMDSX7:3:1101:1542:1000 2:N:0:ACGCCTTGTT+ACGTTCCTTA
Psi1_A24_NS_Male.FCHTWCMDSX7_L3_R1_ITTCTACATAC-CTAACTGTAA.fastq.gz	@A00938:580:HTWCMDSX7:3:1101:1615:1000 1:N:0:TTCTACATAC+TTACAGTTAG
Psi1_A24_NS_Male.FCHTWCMDSX7_L3_R2_ITTCTACATAC-CTAACTGTAA.fastq.gz	@A00938:580:HTWCMDSX7:3:1101:1615:1000 2:N:0:TTCTACATAC+TTACAGTTAG
Psi1_A25_NS_Male.FCHTWCMDSX7_L3_R1_IAACCATAGAA-GGCGAGATGG.fastq.gz	@A00938:580:HTWCMDSX7:3:1101:2519:1000 1:N:0:AACCATAGAA+CCATCTCGCC
Psi1_A25_NS_Male.FCHTWCMDSX7_L3_R2_IAACCATAGAA-GGCGAGATGG.fastq.gz	@A00938:580:HTWCMDSX7:3:1101:2519:1000 2:N:0:AACCATAGAA+CCATCTCGCC
Psi1_A26_NS_Female.FCHTWCMDSX7_L3_R1_IGGTTGCGAGG-AATAGAGCAA.fastq.gz	@A00938:580:HTWCMDSX7:3:1101:1416:1000 1:N:0:GGTTGCGAGG+TTGCTCTATT
Psi1_A26_NS_Female.FCHTWCMDSX7_L3_R2_IGGTTGCGAGG-AATAGAGCAA.fastq.gz	@A00938:580:HTWCMDSX7:3:1101:1416:1000 2:N:0:GGTTGCGAGG+TTGCTCTATT
Psi1_A27_NS_Female.FCHTWCMDSX7_L3_R1_ITAAGCATCCA-TCAATCCATT.fastq.gz	@A00938:580:HTWCMDSX7:3:1101:2609:1000 1:N:0:TAAGCATCCA+AATGGATTGA
Psi1_A27_NS_Female.FCHTWCMDSX7_L3_R2_ITAAGCATCCA-TCAATCCATT.fastq.gz	@A00938:580:HTWCMDSX7:3:1101:2609:1000 2:N:0:TAAGCATCCA+AATGGATTGA
Psi1_A28_NS_Female.FCHTWCMDSX7_L3_R1_IACCACGACAT-TCGTATGCGG.fastq.gz	@A00938:580:HTWCMDSX7:3:1101:1344:1000 1:N:0:ACCACGACAT+CCGCATACGA
Psi1_A28_NS_Female.FCHTWCMDSX7_L3_R2_IACCACGACAT-TCGTATGCGG.fastq.gz	@A00938:580:HTWCMDSX7:3:1101:1344:1000 2:N:0:ACCACGACAT+CCGCATACGA
Psi1_A29_NS_Female.FCHTWCMDSX7_L3_R1_IGCCGCACTCT-TCCGACCTCG.fastq.gz	@A00938:580:HTWCMDSX7:3:1101:1705:1000 1:N:0:GCCGCACTCT+CGAGGTCGGA
Psi1_A29_NS_Female.FCHTWCMDSX7_L3_R2_IGCCGCACTCT-TCCGACCTCG.fastq.gz	@A00938:580:HTWCMDSX7:3:1101:1705:1000 2:N:0:GCCGCACTCT+CGAGGTCGGA
Psi1_A2_High_Male.FCHTWCMDSX7_L3_R1_IAGGTCAGATA-CTACAAGATA.fastq.gz	@A00938:580:HTWCMDSX7:3:1101:1723:1000 1:N:0:AGGTCAGATA+TATCTTGTAG
Psi1_A2_High_Male.FCHTWCMDSX7_L3_R2_IAGGTCAGATA-CTACAAGATA.fastq.gz	@A00938:580:HTWCMDSX7:3:1101:1723:1000 2:N:0:AGGTCAGATA+TATCTTGTAG
Psi1_A30_NS_Female.FCHTWCMDSX7_L3_R1_ICCACCAGGCA-CTTATGGAAT.fastq.gz	@A00938:580:HTWCMDSX7:3:1101:2013:1000 1:N:0:CCACCAGGCA+ATTCCATAAG
Psi1_A30_NS_Female.FCHTWCMDSX7_L3_R2_ICCACCAGGCA-CTTATGGAAT.fastq.gz	@A00938:580:HTWCMDSX7:3:1101:2013:1000 2:N:0:CCACCAGGCA+ATTCCATAAG
Psi1_A31_High_Male.FCHTWCMDSX7_L3_R1_IGTGACACGCA-GCTTACGGAC.fastq.gz	@A00938:580:HTWCMDSX7:3:1101:3694:1000 1:N:0:GTGACACGCA+GTCCGTAAGC
Psi1_A31_High_Male.FCHTWCMDSX7_L3_R2_IGTGACACGCA-GCTTACGGAC.fastq.gz	@A00938:580:HTWCMDSX7:3:1101:3694:1000 2:N:0:GTGACACGCA+GTCCGTAAGC
Psi1_A32_High_Male.FCHTWCMDSX7_L3_R1_IACAGTGTATG-GAACATACGG.fastq.gz	@A00938:580:HTWCMDSX7:3:1101:3369:1000 1:N:0:ACAGTGTATG+CCGTATGTTC
Psi1_A32_High_Male.FCHTWCMDSX7_L3_R2_IACAGTGTATG-GAACATACGG.fastq.gz	@A00938:580:HTWCMDSX7:3:1101:3369:1000 2:N:0:ACAGTGTATG+CCGTATGTTC
Psi1_A33_High_Male.FCHTWCMDSX7_L3_R1_ITGATTATACG-GTCGATTACA.fastq.gz	@A00938:580:HTWCMDSX7:3:1101:2266:1000 1:N:0:TGATTATACG+TGTAATCGAC
Psi1_A33_High_Male.FCHTWCMDSX7_L3_R2_ITGATTATACG-GTCGATTACA.fastq.gz	@A00938:580:HTWCMDSX7:3:1101:2266:1000 2:N:0:TGATTATACG+TGTAATCGAC
Psi1_A34_High_Male.FCHTWCMDSX7_L3_R1_ICAGCCGCGTA-ACTAGCCGTG.fastq.gz	@A00938:580:HTWCMDSX7:3:1101:4725:1000 1:N:0:CAGCCGCGTA+CACGGCTAGT
Psi1_A34_High_Male.FCHTWCMDSX7_L3_R2_ICAGCCGCGTA-ACTAGCCGTG.fastq.gz	@A00938:580:HTWCMDSX7:3:1101:4725:1000 2:N:0:CAGCCGCGTA+CACGGCTAGT
Psi1_A35_High_Male.FCHTWCMDSX7_L3_R1_IGGTAACTCGC-AAGTTGGTGA.fastq.gz	@A00938:580:HTWCMDSX7:3:1101:2591:1000 1:N:0:GGTAACTCGC+TCACCAACTT
Psi1_A35_High_Male.FCHTWCMDSX7_L3_R2_IGGTAACTCGC-AAGTTGGTGA.fastq.gz	@A00938:580:HTWCMDSX7:3:1101:2591:1000 2:N:0:GGTAACTCGC+TCACCAACTT
Psi1_A36_High_Female.FCHTWCMDSX7_L3_R1_IACCGGCCGTA-TGGCAATATT.fastq.gz	@A00938:580:HTWCMDSX7:3:1101:2284:1000 1:N:0:ACCGGCCGTA+AATATTGCCA
Psi1_A36_High_Female.FCHTWCMDSX7_L3_R2_IACCGGCCGTA-TGGCAATATT.fastq.gz	@A00938:580:HTWCMDSX7:3:1101:2284:1000 2:N:0:ACCGGCCGTA+AATATTGCCA
Psi1_A37_High_Female.FCHTWCMDSX7_L3_R1_ITGTAATCGAC-GATCACCGCG.fastq.gz	@A00938:580:HTWCMDSX7:3:1101:1524:1000 1:N:0:TGTAATCGAC+CGCGGTGATC
Psi1_A37_High_Female.FCHTWCMDSX7_L3_R2_ITGTAATCGAC-GATCACCGCG.fastq.gz	@A00938:580:HTWCMDSX7:3:1101:1524:1000 2:N:0:TGTAATCGAC+CGCGGTGATC
Psi1_A38_High_Female.FCHTWCMDSX7_L3_R1_IGTGCAGACAG-TACCATCCGT.fastq.gz	@A00938:580:HTWCMDSX7:3:1101:2808:1000 1:N:0:GTGCAGACAG+ACGGATGGTA
Psi1_A38_High_Female.FCHTWCMDSX7_L3_R2_IGTGCAGACAG-TACCATCCGT.fastq.gz	@A00938:580:HTWCMDSX7:3:1101:2808:1000 2:N:0:GTGCAGACAG+ACGGATGGTA
Psi1_A39_High_Female.FCHTWCMDSX7_L3_R1_ICAATCGGCTG-GCTGTAGGAA.fastq.gz	@A00938:580:HTWCMDSX7:3:1101:1850:1000 1:N:0:CAATCGGCTG+TTCCTACAGC
Psi1_A39_High_Female.FCHTWCMDSX7_L3_R2_ICAATCGGCTG-GCTGTAGGAA.fastq.gz	@A00938:580:HTWCMDSX7:3:1101:1850:1000 2:N:0:CAATCGGCTG+TTCCTACAGC
Psi1_A3_High_Male.FCHTWCMDSX7_L3_R1_ICGTCTCATAT-TATAGTAGCT.fastq.gz	@A00938:580:HTWCMDSX7:3:1101:2175:1000 1:N:0:CGTCTCATAT+AGCTACTATA
Psi1_A3_High_Male.FCHTWCMDSX7_L3_R2_ICGTCTCATAT-TATAGTAGCT.fastq.gz	@A00938:580:HTWCMDSX7:3:1101:2175:1000 2:N:0:CGTCTCATAT+AGCTACTATA
Psi1_A40_High_Female.FCHTWCMDSX7_L3_R1_ITATGTAGTCA-CGCACTAATG.fastq.gz	@A00938:580:HTWCMDSX7:3:1101:3965:1000 1:N:0:TATGTAGTCA+CATTAGTGCG
Psi1_A40_High_Female.FCHTWCMDSX7_L3_R2_ITATGTAGTCA-CGCACTAATG.fastq.gz	@A00938:580:HTWCMDSX7:3:1101:3965:1000 2:N:0:TATGTAGTCA+CATTAGTGCG
Psi1_A41_Low_Male.FCHTWCMDSX7_L3_R1_IACTCGGCAAT-GACAACTGAA.fastq.gz	@A00938:580:HTWCMDSX7:3:1101:1018:1000 1:N:0:ACTCGGCAAT+TTCAGTTGTC
Psi1_A41_Low_Male.FCHTWCMDSX7_L3_R2_IACTCGGCAAT-GACAACTGAA.fastq.gz	@A00938:580:HTWCMDSX7:3:1101:1018:1000 2:N:0:ACTCGGCAAT+TTCAGTTGTC
Psi1_A42_Low_Male.FCHTWCMDSX7_L3_R1_IGTCTAATGGC-AGTGGTCAGG.fastq.gz	@A00938:580:HTWCMDSX7:3:1101:1325:1000 1:N:0:GTCTAATCGC+CCTGACCACT
Psi1_A42_Low_Male.FCHTWCMDSX7_L3_R2_IGTCTAATGGC-AGTGGTCAGG.fastq.gz	@A00938:580:HTWCMDSX7:3:1101:1325:1000 2:N:0:GTCTAATCGC+CCTGACCACT
Psi1_A43_Low_Male.FCHTWCMDSX7_L3_R1_ICCATCTCGCC-TTCTATGGTT.fastq.gz	@A00938:580:HTWCMDSX7:3:1101:3748:1000 1:N:0:CCATCTCGCC+AACCATAGAA
Psi1_A43_Low_Male.FCHTWCMDSX7_L3_R2_ICCATCTCGCC-TTCTATGGTT.fastq.gz	@A00938:580:HTWCMDSX7:3:1101:3748:1000 2:N:0:CCATCTCGCC+AACCATAGAA
Psi1_A44_Low_Male.FCHTWCMDSX7_L3_R1_ICTGCGAGCCA-AATCCGGCCA.fastq.gz	@A00938:580:HTWCMDSX7:3:1101:1796:1000 1:N:0:CTGCGAGCCA+TGGCCGGATT
Psi1_A44_Low_Male.FCHTWCMDSX7_L3_R2_ICTGCGAGCCA-AATCCGGCCA.fastq.gz	@A00938:580:HTWCMDSX7:3:1101:1796:1000 2:N:0:CTGCGAGCCA+TGGCCGGATT
Psi1_A45_Low_Male.FCHTWCMDSX7_L3_R1_ICGTTATTCTA-CCATAAGGTT.fastq.gz	@A00938:580:HTWCMDSX7:3:1101:1434:1000 1:N:0:CGTTATTCTA+AACCTTATGG
Psi1_A45_Low_Male.FCHTWCMDSX7_L3_R2_ICGTTATTCTA-CCATAAGGTT.fastq.gz	@A00938:580:HTWCMDSX7:3:1101:1434:1000 2:N:0:CGTTATTCTA+AACCTTATGG
Psi1_A46_Low_Female.FCHTWCMDSX7_L4_R1_IAGATCCATTA-ATCTCTACCA.fastq.gz	@A00938:580:HTWCMDSX7:4:1101:6641:1000 1:N:0:AGATCCATTA+TGGTAGAGAT
Psi1_A46_Low_Female.FCHTWCMDSX7_L4_R2_IAGATCCATTA-ATCTCTACCA.fastq.gz	@A00938:580:HTWCMDSX7:4:1101:6641:1000 2:N:0:AGATCCATTA+TGGTAGAGAT
Psi1_A47_Low_Female.FCHTWCMDSX7_L4_R1_IGTCCTGGATA-CGGTGGCGAA.fastq.gz	@A00938:580:HTWCMDSX7:4:1101:4074:1000 1:N:0:GTCCTGGATA+TTCGCCACCG
Psi1_A47_Low_Female.FCHTWCMDSX7_L4_R2_IGTCCTGGATA-CGGTGGCGAA.fastq.gz	@A00938:580:HTWCMDSX7:4:1101:4074:1000 2:N:0:GTCCTGGATA+TTCGCCACCG
Psi1_A48_Low_Female.FCHTWCMDSX7_L4_R1_ICAGTGGCACT-TAACAATAGG.fastq.gz	@A00938:580:HTWCMDSX7:4:1101:4887:1000 1:N:0:CAGTGGCACT+CCTATTGTTA
Psi1_A48_Low_Female.FCHTWCMDSX7_L4_R2_ICAGTGGCACT-TAACAATAGG.fastq.gz	@A00938:580:HTWCMDSX7:4:1101:4887:1000 2:N:0:CAGTGGCACT+CCTATTGTTA
Psi1_A49_Low_Female.FCHTWCMDSX7_L4_R1_IAGTGTTGCAC-CTGGTACACG.fastq.gz	@A00938:580:HTWCMDSX7:4:1101:4273:1000 1:N:0:AGTGTTGCAC+CGTGTACCAG
Psi1_A49_Low_Female.FCHTWCMDSX7_L4_R2_IAGTGTTGCAC-CTGGTACACG.fastq.gz	@A00938:580:HTWCMDSX7:4:1101:4273:1000 2:N:0:AGTGTTGCAC+CGTGTACCAG
Psi1_A4_High_Male.FCHTWCMDSX7_L3_R1_IATTCCATAAG-TGCCTGGTGG.fastq.gz	@A00938:580:HTWCMDSX7:3:1101:2428:1000 1:N:0:ATTCCATAAG+CCACCAGGCA
Psi1_A4_High_Male.FCHTWCMDSX7_L3_R2_IATTCCATAAG-TGCCTGGTGG.fastq.gz	@A00938:580:HTWCMDSX7:3:1101:2428:1000 2:N:0:ATTCCATAAG+CCACCAGGCA
Psi1_A50_Low_Female.FCHTWCMDSX7_L4_R1_IGACACCATGT-TCAACGTGTA.fastq.gz	@A00938:580:HTWCMDSX7:4:1101:1940:1000 1:N:0:GACACCATGT+TACACGTTGA
Psi1_A50_Low_Female.FCHTWCMDSX7_L4_R2_IGACACCATGT-TCAACGTGTA.fastq.gz	@A00938:580:HTWCMDSX7:4:1101:1940:1000 2:N:0:GACACCATGT+TACACGTTGA
Psi1_A51_NS_Male.FCHTWCMDSX7_L4_R1_ICCTGTCTGTC-ACTGTTGTGA.fastq.gz	@A00938:580:HTWCMDSX7:4:1101:3043:1000 1:N:0:CCTGTCTGTC+TCACAACAGT
Psi1_A51_NS_Male.FCHTWCMDSX7_L4_R2_ICCTGTCTGTC-ACTGTTGTGA.fastq.gz	@A00938:580:HTWCMDSX7:4:1101:3043:1000 2:N:0:CCTGTCTGTC+TCACAACAGT
Psi1_A52_NS_Male.FCHTWCMDSX7_L4_R1_ITGATGTAAGA-GTGCGTCCTT.fastq.gz	@A00938:580:HTWCMDSX7:4:1101:2917:1000 1:N:0:TGATGTAAGA+AAGGACGCAC
Psi1_A52_NS_Male.FCHTWCMDSX7_L4_R2_ITGATGTAAGA-GTGCGTCCTT.fastq.gz	@A00938:580:HTWCMDSX7:4:1101:2917:1000 2:N:0:TGATGTAAGA+AAGGACGCAC
Psi1_A53_NS_Male.FCHTWCMDSX7_L4_R1_IGGAATTGTAA-AGCACATCCT.fastq.gz	@A00938:580:HTWCMDSX7:4:1101:5068:1000 1:N:0:GGAATTGTAA+AGGATGTGCT
Psi1_A53_NS_Male.FCHTWCMDSX7_L4_R2_IGGAATTGTAA-AGCACATCCT.fastq.gz	@A00938:580:HTWCMDSX7:4:1101:5068:1000 2:N:0:GGAATTGTAA+AGGATGTGCT
Psi1_A54_NS_Male.FCHTWCMDSX7_L4_R1_IGCATAAGCTT-TTCCGTCGCA.fastq.gz	@A00938:580:HTWCMDSX7:4:1101:7057:1000 1:N:0:GCATAAGCTT+TGCGACGGAA
Psi1_A54_NS_Male.FCHTWCMDSX7_L4_R2_IGCATAAGCTT-TTCCGTCGCA.fastq.gz	@A00938:580:HTWCMDSX7:4:1101:7057:1000 2:N:0:GCATAAGCTT+TGCGACGGAA
Psi1_A55_NS_Male.FCHTWCMDSX7_L4_R1_ICTGAGGAATA-CTTAACCACT.fastq.gz	@A00938:580:HTWCMDSX7:4:1101:2067:1000 1:N:0:CTGAGGAATA+AGTGGTTAAT
Psi1_A55_NS_Male.FCHTWCMDSX7_L4_R2_ICTGAGGAATA-CTTAACCACT.fastq.gz	@A00938:580:HTWCMDSX7:4:1101:2067:1000 2:N:0:CTGAGGAATA+AGTGGTTAAT
Psi1_A56_NS_Female.FCHTWCMDSX7_L4_R1_IAACGCACGAG-GCCTCGGATA.fastq.gz	@A00938:580:HTWCMDSX7:4:1101:3513:1000 1:N:0:AACGCACGAG+TATCCGAGGC
Psi1_A56_NS_Female.FCHTWCMDSX7_L4_R2_IAACGCACGAG-GCCTCGGATA.fastq.gz	@A00938:580:HTWCMDSX7:4:1101:3513:1000 2:N:0:AACGCACGAG+TATCCGAGGC
Psi1_A57_NS_Female.FCHTWCMDSX7_L4_R1_ITCTATCCTAA-CGTCGACTGG.fastq.gz	@A00938:580:HTWCMDSX7:4:1101:5412:1000 1:N:0:TCTATCCTAA+CCAGTCGACG
Psi1_A57_NS_Female.FCHTWCMDSX7_L4_R2_ITCTATCCTAA-CGTCGACTGG.fastq.gz	@A00938:580:HTWCMDSX7:4:1101:5412:1000 2:N:0:TCTATCCTAA+CCAGTCGACG
Psi1_A58_NS_Female.FCHTWCMDSX7_L4_R1_ICTCGCTTCGG-TACTAGTCAA.fastq.gz	@A00938:580:HTWCMDSX7:4:1101:3278:1000 1:N:0:CTCGCTTCGG+TTGACTAGTA
Psi1_A58_NS_Female.FCHTWCMDSX7_L4_R2_ICTCGCTTCGG-TACTAGTCAA.fastq.gz	@A00938:580:HTWCMDSX7:4:1101:3278:1000 2:N:0:CTCGCTTCGG+TTGACTAGTA
Psi1_A59_NS_Female.FCHTWCMDSX7_L4_R1_ICTGTTGGTCC-ATAGACCGTT.fastq.gz	@A00938:580:HTWCMDSX7:4:1101:4345:1000 1:N:0:CTGTTGGTCC+AACGGTCTAT
Psi1_A59_NS_Female.FCHTWCMDSX7_L4_R2_ICTGTTGGTCC-ATAGACCGTT.fastq.gz	@A00938:580:HTWCMDSX7:4:1101:4345:1000 2:N:0:CTGTTGGTCC+AACGGTCTAT
Psi1_A5_High_Male.FCHTWCMDSX7_L3_R1_IGACGAGATTA-ACATTATCCT.fastq.gz	@A00938:580:HTWCMDSX7:3:1101:1597:1000 1:N:0:GAGGAGATTA+AGGATAATGT
Psi1_A5_High_Male.FCHTWCMDSX7_L3_R2_IGACGAGATTA-ACATTATCCT.fastq.gz	@A00938:580:HTWCMDSX7:3:1101:1597:1000 2:N:0:GAGGAGATTA+AGGATAATGT
Psi1_A60_NS_Female.FCHTWCMDSX7_L4_R1_ITTACCTGGAA-ACAGTTCCAG.fastq.gz	@A00938:580:HTWCMDSX7:4:1101:4200:1000 1:N:0:TTACCTGGAA+CTGGAACTGT
Psi1_A60_NS_Female.FCHTWCMDSX7_L4_R2_ITTACCTGGAA-ACAGTTCCAG.fastq.gz	@A00938:580:HTWCMDSX7:4:1101:4200:1000 2:N:0:TTACCTGGAA+CTGGAACTGT
Psi1_A61_High_Male.FCHTWCMDSX7_L4_R1_ITGGCTAATCA-AGGCATGTAG.fastq.gz	@A00938:580:HTWCMDSX7:4:1101:3115:1000 1:N:0:TGGCTAATCA+CTACAGGCCT
Psi1_A61_High_Male.FCHTWCMDSX7_L4_R2_ITGGCTAATCA-AGGCATGTAG.fastq.gz	@A00938:580:HTWCMDSX7:4:1101:3115:1000 2:N:0:TGGCTAATCA+CTACAGGCCT
Psi1_A62_High_Male.FCHTWCMDSX7_L4_R1_IAACACTGTTA-GCAAGTCTCA.fastq.gz	@A00938:580:HTWCMDSX7:4:1101:4001:1000 1:N:0:AACACTGTTA+TGAGACTTGC
Psi1_A62_High_Male.FCHTWCMDSX7_L4_R2_IAACACTGTTA-GCAAGTCTCA.fastq.gz	@A00938:580:HTWCMDSX7:4:1101:4001:1000 2:N:0:AACACTGTTA+TGAGACTTGC
Psi1_A63_High_Male.FCHTWCMDSX7_L4_R1_IATTGCGCGGT-TTGGCTCCGC.fastq.gz	@A00938:580:HTWCMDSX7:4:1101:2139:1000 1:N:0:ATTGCGCGGT+GCGGATCCAA
Psi1_A63_High_Male.FCHTWCMDSX7_L4_R2_IATTGCGCGGT-TTGGCTCCGC.fastq.gz	@A00938:580:HTWCMDSX7:4:1101:2139:1000 2:N:0:ATTGCGCGGT+GCGGATCCAA
Psi1_A64_High_Male.FCHTWCMDSX7_L4_R1_ITGGCGCGAAC-AACTGATACT.fastq.gz	@A00938:580:HTWCMDSX7:4:1101:2627:1000 1:N:0:TGGCGCGAAC+AGTATCAGTT
Psi1_A64_High_Male.FCHTWCMDSX7_L4_R2_ITGGCGCGAAC-AACTGATACT.fastq.gz	@A00938:580:HTWCMDSX7:4:1101:2627:1000 2:N:0:TGGCGCGAAC+AGTATCAGTT
Psi1_A65_High_Male.FCHTWCMDSX7_L4_R1_ITAATGTGTCT-GTAAGGCATA.fastq.gz	@A00938:580:HTWCMDSX7:4:1101:1579:1000 1:N:0:TAATGTGTCT+TATGCCTTAC
Psi1_A65_High_Male.FCHTWCMDSX7_L4_R2_ITAATGTGTCT-GTAAGGCATA.fastq.gz	@A00938:580:HTWCMDSX7:4:1101:1579:1000 2:N:0:TAATGTGTCT+TATGCCTTAC
Psi1_A66_High_Female.FCHTWCMDSX7_L4_R1_IATACCAACGC-AATTGCTGCG.fastq.gz	@A00938:580:HTWCMDSX7:4:1101:2374:1000 1:N:0:ATACCAACGC+CGCAGCAATT
Psi1_A66_High_Female.FCHTWCMDSX7_L4_R2_IATACCAACGC-AATTGCTGCG.fastq.gz	@A00938:580:HTWCMDSX7:4:1101:2374:1000 2:N:0:ATACCAACGC+CGCAGCAATT
Psi1_A67_High_Female.FCHTWCMDSX7_L4_R1_IAGGATGTGCT-TTACAATTCC.fastq.gz	@A00938:580:HTWCMDSX7:4:1101:3748:1000 1:N:0:AGGATGTGCT+GGAATTGTAA
Psi1_A67_High_Female.FCHTWCMDSX7_L4_R2_IAGGATGTGCT-TTACAATTCC.fastq.gz	@A00938:580:HTWCMDSX7:4:1101:3748:1000 2:N:0:AGGATGTGCT+GGAATTGTAA
Psi1_A68_High_Female.FCHTWCMDSX7_L4_R1_ICACGGAACAA-AACCTAGCAC.fastq.gz	@A00938:580:HTWCMDSX7:4:1101:2446:1000 1:N:0:CACGGAACAA+GTGCTAGGTT
Psi1_A68_High_Female.FCHTWCMDSX7_L4_R2_ICACGGAACAA-AACCTAGCAC.fastq.gz	@A00938:580:HTWCMDSX7:4:1101:2446:1000 2:N:0:CACGGAACAA+GTGCTAGGTT
Psi1_A69_High_Female.FCHTWCMDSX7_L4_R1_ITGGAGTACTT-TCTGTGTGGA.fastq.gz	@A00938:580:HTWCMDSX7:4:1101:4182:1000 1:N:0:TGGAGTACTT+TCCACACAGA
Psi1_A69_High_Female.FCHTWCMDSX7_L4_R2_ITGGAGTACTT-TCTGTGTGGA.fastq.gz	@A00938:580:HTWCMDSX7:4:1101:4182:1000 2:N:0:TGGAGTACTT+TCCACACAGA
Psi1_A6_High_Female.FCHTWCMDSX7_L3_R1_IAACATCGCGC-GTCCACTTGT.fastq.gz	@A00938:580:HTWCMDSX7:3:1101:2410:1000 1:N:0:AACATCGCGC+ACAAGTGGAC
Psi1_A6_High_Female.FCHTWCMDSX7_L3_R2_IAACATCGCGC-GTCCACTTGT.fastq.gz	@A00938:580:HTWCMDSX7:3:1101:2410:1000 2:N:0:AACATCGCGC+ACAAGTGGAC
Psi1_A70_High_Female.FCHTWCMDSX7_L4_R1_IGTATTGACGT-GGAATTCCAA.fastq.gz	@A00938:580:HTWCMDSX7:4:1101:4634:1000 1:N:0:GTATTGACGT+TTGGAATTCC
Psi1_A70_High_Female.FCHTWCMDSX7_L4_R2_IGTATTGACGT-GGAATTCCAA.fastq.gz	@A00938:580:HTWCMDSX7:4:1101:4634:1000 2:N:0:GTATTGACGT+TTGGAATTCC
Psi1_A71_Low_Male.FCHTWCMDSX7_L4_R1_ICTTGTACACC-AAGCGCGCTT.fastq.gz	@A00938:580:HTWCMDSX7:4:1101:2862:1000 1:N:0:CTTGTACACC+AAGCGCGCTT
Psi1_A71_Low_Male.FCHTWCMDSX7_L4_R2_ICTTGTACACC-AAGCGCGCTT.fastq.gz	@A00938:580:HTWCMDSX7:4:1101:2862:1000 2:N:0:CTTGTACACC+AAGCGCGCTT
Psi1_A72_Low_Male.FCHTWCMDSX7_L4_R1_IACACAGGTGG-TGAGCGTTGT.fastq.gz	@A00938:580:HTWCMDSX7:4:1101:4761:1000 1:N:0:ACACAGGTGG+ACAACGCTCA
Psi1_A72_Low_Male.FCHTWCMDSX7_L4_R2_IACACAGGTGG-TGAGCGTTGT.fastq.gz	@A00938:580:HTWCMDSX7:4:1101:4761:1000 2:N:0:ACACAGGTGG+ACAACGCTCA
Psi1_A73_Low_Male.FCHTWCMDSX7_L4_R1_ICCTGCGGAAC-ATCATAGGCT.fastq.gz	@A00938:580:HTWCMDSX7:4:1101:4381:1000 1:N:0:CCTGCGGAAC+AGCCTATGAT
Psi1_A73_Low_Male.FCHTWCMDSX7_L4_R2_ICCTGCGGAAC-ATCATAGGCT.fastq.gz	@A00938:580:HTWCMDSX7:4:1101:4381:1000 2:N:0:CCTGCGGAAC+AGCCTATGAT
Psi1_A74_Low_Male.FCHTWCMDSX7_L4_R1_ITTCATAAGGT-TGTTAGAAGG.fastq.gz	@A00938:580:HTWCMDSX7:4:1101:3332:1000 1:N:0:TTCATAAGGT+CCTTCTAACA
Psi1_A74_Low_Male.FCHTWCMDSX7_L4_R2_ITTCATAAGGT-TGTTAGAAGG.fastq.gz	@A00938:580:HTWCMDSX7:4:1101:3332:1000 2:N:0:TTCATAAGGT+CCTTCTAACA
Psi1_A75_Low_Male.FCHTWCMDSX7_L4_R1_ICTCTGCAGCG-GATGGATGTA.fastq.gz	@A00938:580:HTWCMDSX7:4:1101:3983:1000 1:N:0:CTCTGCAGCG+TACATCCATC
Psi1_A75_Low_Male.FCHTWCMDSX7_L4_R2_ICTCTGCAGCG-GATGGATGTA.fastq.gz	@A00938:580:HTWCMDSX7:4:1101:3983:1000 2:N:0:CTCTGCAGCG+TACATCCATC
Psi1_A76_Low_Female.FCHTWCMDSX7_L4_R1_ICTGACTCTAC-ACGGCCGTCA.fastq.gz	@A00938:580:HTWCMDSX7:4:1101:3640:1000 1:N:0:CTGACTCTAC+TGACGGCCGT
Psi1_A76_Low_Female.FCHTWCMDSX7_L4_R2_ICTGACTCTAC-ACGGCCGTCA.fastq.gz	@A00938:580:HTWCMDSX7:4:1101:3640:1000 2:N:0:CTGACTCTAC+TGACGGCCGT
Psi1_A77_Low_Female.FCHTWCMDSX7_L4_R1_ITCTGGTATCC-CGTTGCTTAC.fastq.gz	@A00938:580:HTWCMDSX7:4:1101:3224:1000 1:N:0:TCAGGTATCC+GTAAGCAACG
Psi1_A77_Low_Female.FCHTWCMDSX7_L4_R2_ITCTGGTATCC-CGTTGCTTAC.fastq.gz	@A00938:580:HTWCMDSX7:4:1101:3224:1000 2:N:0:TCAGGTATCC+GTAAGCAACG
Psi1_A78_Low_Female.FCHTWCMDSX7_L4_R1_ICATTAGTGCG-TGACTACATA.fastq.gz	@A00938:580:HTWCMDSX7:4:1101:3007:1000 1:N:0:CATTAGTGCG+TATGTAGTCA
Psi1_A78_Low_Female.FCHTWCMDSX7_L4_R2_ICATTAGTGCG-TGACTACATA.fastq.gz	@A00938:580:HTWCMDSX7:4:1101:3007:1000 2:N:0:CATTAGTGCG+TATGTAGTCA
Psi1_A79_Low_Female.FCHTWCMDSX7_L4_R1_IACGGTCAGGA-CGGCCTCGTT.fastq.gz	@A00938:580:HTWCMDSX7:4:1101:3766:1000 1:N:0:ACGGTCAGGA+AACGAGGCCG
Psi1_A79_Low_Female.FCHTWCMDSX7_L4_R2_IACGGTCAGGA-CGGCCTCGTT.fastq.gz	@A00938:580:HTWCMDSX7:4:1101:3766:1000 2:N:0:ACGGTCAGGA+AACGAGGCCG
Psi1_A7_High_Female.FCHTWCMDSX7_L3_R1_ICTAGTGCTCT-TGGAACAGTA.fastq.gz	@A00938:580:HTWCMDSX7:3:1101:2139:1000 1:N:0:CTAGTGCTCT+TACTGTTCCA
Psi1_A7_High_Female.FCHTWCMDSX7_L3_R2_ICTAGTGCTCT-TGGAACAGTA.fastq.gz	@A00938:580:HTWCMDSX7:3:1101:2139:1000 2:N:0:CTAGTGCTCT+TACTGTTCCA
Psi1_A80_Low_Female.FCHTWCMDSX7_L4_R1_IGGCAAGCCAG-CAAGCATCCG.fastq.gz	@A00938:580:HTWCMDSX7:4:1101:2953:1000 1:N:0:GGCAAGCCAG+CGGATGCTTG
Psi1_A80_Low_Female.FCHTWCMDSX7_L4_R2_IGGCAAGCCAG-CAAGCATCCG.fastq.gz	@A00938:580:HTWCMDSX7:4:1101:2953:1000 2:N:0:GGCAAGCCAG+CGGATGCTTG
Psi1_A81_NS_Male.FCHTWCMDSX7_L4_R1_ITGTCGCTGGT-TCGTCTGACT.fastq.gz	@A00938:580:HTWCMDSX7:4:1101:4309:1000 1:N:0:TGTCGCTGGT+AGTCAGACGA
Psi1_A81_NS_Male.FCHTWCMDSX7_L4_R2_ITGTCGCTGGT-TCGTCTGACT.fastq.gz	@A00938:580:HTWCMDSX7:4:1101:4309:1000 2:N:0:TGTCGCTGGT+AGTCAGACGA
Psi1_A82_NS_Male.FCHTWCMDSX7_L4_R1_IACCGTTACAA-CTCATAGCGA.fastq.gz	@A00938:580:HTWCMDSX7:4:1101:1669:1000 1:N:0:ACCGTTACAA+TCGCTATGAG
Psi1_A82_NS_Male.FCHTWCMDSX7_L4_R2_IACCGTTACAA-CTCATAGCGA.fastq.gz	@A00938:580:HTWCMDSX7:4:1101:1669:1000 2:N:0:ACCGTTACAA+TCGCTATGAG
Psi1_A83_NS_Male.FCHTWCMDSX7_L4_R1_ITATGCCTTAC-AGACACATTA.fastq.gz	@A00938:580:HTWCMDSX7:4:1101:3188:1000 1:N:0:TATGCCTTAC+TAATGTGTCT
Psi1_A83_NS_Male.FCHTWCMDSX7_L4_R2_ITATGCCTTAC-AGACACATTA.fastq.gz	@A00938:580:HTWCMDSX7:4:1101:3188:1000 2:N:0:TATGCCTTAC+TAATGTGTCT
Psi1_A84_NS_Male.FCHTWCMDSX7_L4_R1_IACAAGTGGAC-GCGCGATGTT.fastq.gz	@A00938:580:HTWCMDSX7:4:1101:2537:1000 1:N:0:ACAAGTGGAC+AACATCGCGC
Psi1_A84_NS_Male.FCHTWCMDSX7_L4_R2_IACAAGTGGAC-GCGCGATGTT.fastq.gz	@A00938:580:HTWCMDSX7:4:1101:2537:1000 2:N:0:ACAAGTGGAC+AACATCGCGC
Psi1_A85_NS_Male.FCHTWCMDSX7_L4_R1_ITGGTACCTAA-CATGAGTACT.fastq.gz	@A00938:580:HTWCMDSX7:4:1101:6424:1000 1:N:0:TGGTACCTAA+AGTACTCATG
Psi1_A85_NS_Male.FCHTWCMDSX7_L4_R2_ITGGTACCTAA-CATGAGTACT.fastq.gz	@A00938:580:HTWCMDSX7:4:1101:6424:1000 2:N:0:TGGTACCTAA+AGTACTCATG
Psi1_A86_NS_Female.FCHTWCMDSX7_L4_R1_ITTGGAATTCC-ACGTCAATAC.fastq.gz	@A00938:580:HTWCMDSX7:4:1101:2754:1000 1:N:0:TTGGAATTCC+GTATTGACGT
Psi1_A86_NS_Female.FCHTWCMDSX7_L4_R2_ITTGGAATTCC-ACGTCAATAC.fastq.gz	@A00938:580:HTWCMDSX7:4:1101:2754:1000 2:N:0:TTGGAATTCC+GTATTGACGT
Psi1_A87_NS_Female.FCHTWCMDSX7_L4_R1_ICCTCTACATG-GATACCTCCT.fastq.gz	@A00938:580:HTWCMDSX7:4:1101:4038:1000 1:N:0:CCTCTACATG+AGGAGGTATC
Psi1_A87_NS_Female.FCHTWCMDSX7_L4_R2_ICCTCTACATG-GATACCTCCT.fastq.gz	@A00938:580:HTWCMDSX7:4:1101:4038:1000 2:N:0:CCTCTACATG+AGGAGGTATC
Psi1_A88_NS_Female.FCHTWCMDSX7_L4_R1_IGGAGCGTGTA-ATCCGTAAGT.fastq.gz	@A00938:580:HTWCMDSX7:4:1101:7600:1000 1:N:0:GGAGCGTGTA+ACTTACGGAT
Psi1_A88_NS_Female.FCHTWCMDSX7_L4_R2_IGGAGCGTGTA-ATCCGTAAGT.fastq.gz	@A00938:580:HTWCMDSX7:4:1101:7600:1000 2:N:0:GGAGCGTGTA+ACTTACGGAT
Psi1_A89_NS_Female.FCHTWCMDSX7_L4_R1_IGTCCGTAAGC-CGTGTATCTT.fastq.gz	@A00938:580:HTWCMDSX7:4:1101:2663:1000 1:N:0:GTCCGTAAGC+AAGATACACG
Psi1_A89_NS_Female.FCHTWCMDSX7_L4_R2_IGTCCGTAAGC-CGTGTATCTT.fastq.gz	@A00938:580:HTWCMDSX7:4:1101:2663:1000 2:N:0:GTCCGTAAGC+AAGATACACG
Psi1_A8_High_Female.FCHTWCMDSX7_L3_R1_IGATCAAGGCA-CCTTGTTAAT.fastq.gz	@A00938:580:HTWCMDSX7:3:1101:1470:1000 1:N:0:GATCAAGGCA+ATTAACAAGG
Psi1_A8_High_Female.FCHTWCMDSX7_L3_R2_IGATCAAGGCA-CCTTGTTAAT.fastq.gz	@A00938:580:HTWCMDSX7:3:1101:1470:1000 2:N:0:GATCAAGGCA+ATTAACAAGG
Psi1_A90_NS_Female.FCHTWCMDSX7_L4_R1_IACTTCAAGCG-GAACCATGAA.fastq.gz	@A00938:580:HTWCMDSX7:4:1101:2483:1000 1:N:0:ACTTCAAGCG+TTCATTGTTC
Psi1_A90_NS_Female.FCHTWCMDSX7_L4_R2_IACTTCAAGCG-GAACCATGAA.fastq.gz	@A00938:580:HTWCMDSX7:4:1101:2483:1000 2:N:0:ACTTCAAGCG+TTCATTGTTC
Psi1_A9_High_Female.FCHTWCMDSX7_L3_R1_IGACTGAGTAG-GTTGATAGTG.fastq.gz	@A00938:580:HTWCMDSX7:3:1101:2067:1000 1:N:0:GACTGAGTAG+CACTATCAAC
Psi1_A9_High_Female.FCHTWCMDSX7_L3_R2_IGACTGAGTAG-GTTGATAGTG.fastq.gz	@A00938:580:HTWCMDSX7:3:1101:2067:1000 2:N:0:GACTGAGTAG+CACTATCAAC
